name,sur_name,mail,phone_number,role,password
Lilias,Butterwick,bbutterwick0@craigslist.org,121-879-8434,Barbe,BocaSeptima4N
Gallard,McQuin,dmcquin1@mayoclinic.com,540-629-4527,Dorotea,BocaSeptima4N
Gibbie,Benko,ebenko2@github.com,924-619-9840,Elke,BocaSeptima4N
Robinet,Rallinshaw,irallinshaw3@statcounter.com,461-422-8551,Ianthe,BocaSeptima4N
Benny,Peperell,tpeperell4@1688.com,587-707-1678,Trumann,BocaSeptima4N
Randell,Ivetts,yivetts5@usnews.com,835-787-0284,Yurik,BocaSeptima4N
Chad,Fivey,tfivey6@sina.com.cn,105-325-4950,Tobit,BocaSeptima4N
Rebekah,Magrane,amagrane7@imgur.com,617-688-7784,Allyce,BocaSeptima4N
Larry,MacCroary,bmaccroary8@ebay.com,375-922-8717,Boonie,BocaSeptima4N
Susannah,Gilluley,cgilluley9@biglobe.ne.jp,271-219-2639,Charline,BocaSeptima4N
Jessica,Croysdale,mcroysdalea@desdev.cn,819-204-6183,Mignon,BocaSeptima4N
Susana,Querrard,kquerrardb@theguardian.com,691-163-5979,Kelly,BocaSeptima4N
Larine,Giercke,agierckec@bigcartel.com,251-145-3477,Aluin,BocaSeptima4N
Erl,Chason,gchasond@fc2.com,724-616-0956,Gray,BocaSeptima4N
Brigham,Berndtssen,hberndtssene@china.com.cn,259-643-0679,Hyacinthia,BocaSeptima4N
Teodor,Marham,tmarhamf@addtoany.com,140-289-7896,Thorny,BocaSeptima4N
Karoly,Skocroft,rskocroftg@nba.com,718-709-9938,Randell,BocaSeptima4N
Stewart,Ryal,cryalh@indiegogo.com,692-286-0274,Conan,BocaSeptima4N
Constancy,Bowcher,cbowcheri@tripadvisor.com,478-192-1584,Conway,BocaSeptima4N
Ethelda,Lochrie,glochriej@sina.com.cn,138-785-4326,Galvan,BocaSeptima4N
Ellary,Cornels,dcornelsk@networksolutions.com,930-636-5614,Dee dee,BocaSeptima4N
Christos,Speechley,kspeechleyl@wufoo.com,908-484-5489,Kingsley,BocaSeptima4N
Benjamen,Selly,nsellym@webeden.co.uk,830-433-4690,Nathan,BocaSeptima4N
Dun,Gilley,lgilleyn@themeforest.net,887-925-2232,Lanae,BocaSeptima4N
Othello,Parminter,dparmintero@yolasite.com,668-653-8759,Delila,BocaSeptima4N
Lu,Hulmes,dhulmesp@spiegel.de,408-606-5508,Dom,BocaSeptima4N
Ariana,Arnaudi,farnaudiq@examiner.com,522-230-2830,Fianna,BocaSeptima4N
Prue,Collocott,mcollocottr@opensource.org,612-585-6000,Mayne,BocaSeptima4N
Immanuel,Rotge,mrotges@samsung.com,448-251-4676,Marquita,BocaSeptima4N
Madeleine,Conyer,vconyert@reuters.com,456-398-8592,Vaclav,BocaSeptima4N
